"Timestamp","Pick a number at random between 1 and 10","Pick a number at random between 1 and 50","Pick a random letter from the alphabet","Pick a number at random between 1 and 10 (again)"
"2020/09/28 8:48:57 PM GMT+1","9","50","f",""
"2020/09/28 9:41:34 PM GMT+1","7","38","t","8"
"2020/09/28 9:43:15 PM GMT+1","7","47","R","7"
"2020/09/28 10:45:18 PM GMT+1","8","24","X","4"
"2020/09/29 12:10:39 AM GMT+1","2","46","g","9"
"2020/09/29 12:33:57 AM GMT+1","5","49","B","4"
"2020/09/29 1:00:39 AM GMT+1","7","49","S","6"
"2020/09/29 1:02:13 AM GMT+1","10","10","J","10"
"2020/09/29 1:02:33 AM GMT+1","4","35","y","4"
"2020/09/29 1:03:12 AM GMT+1","1","35","F","1"
"2020/09/29 1:05:27 AM GMT+1","2","48","c","5"
"2020/09/29 1:13:32 AM GMT+1","7","24","X","9"
"2020/09/29 1:54:36 AM GMT+1","7","27","Q","4"
"2020/09/29 2:30:06 AM GMT+1","9","23","J","4"
"2020/09/29 3:23:23 AM GMT+1","10","36","B","10"
"2020/09/29 4:10:16 AM GMT+1","7","25","D","2"
"2020/09/29 4:10:31 AM GMT+1","3","27","L","2"
"2020/09/29 4:48:58 AM GMT+1","5","35","e","6"
"2020/09/29 4:52:19 AM GMT+1","4","38","Y","9"
"2020/09/29 5:01:10 AM GMT+1","9","33","X","3"
"2020/09/29 5:44:46 AM GMT+1","2","49","t","8"
"2020/09/29 5:48:58 AM GMT+1","4","48","Z","5"
"2020/09/29 5:52:11 AM GMT+1","4","23","H","3"
"2020/09/29 6:03:37 AM GMT+1","9","23","T","6"
"2020/09/29 6:06:59 AM GMT+1","7","47","d","3"
"2020/09/29 6:19:27 AM GMT+1","4","31","h","6"
"2020/09/29 6:31:18 AM GMT+1","2","46","K","8"
"2020/09/29 6:43:57 AM GMT+1","6","14","D","6"
"2020/09/29 6:53:23 AM GMT+1","4","17","v","8"
"2020/09/29 7:06:57 AM GMT+1","9","27","B","9"
"2020/09/29 7:16:03 AM GMT+1","6","40","Q","3"
"2020/09/29 8:08:44 AM GMT+1","6","22","S","6"
"2020/09/29 8:31:41 AM GMT+1","6","34.8","Y","8.88"
"2020/09/29 9:12:50 AM GMT+1","2","14","n","5"
"2020/09/29 9:40:48 AM GMT+1","7","13","c","9"
"2020/09/29 10:01:26 AM GMT+1","4","43","H","4"
"2020/09/29 10:20:05 AM GMT+1","7","34","j","2"
"2020/09/29 10:28:21 AM GMT+1","7","25","Q","3"
"2020/09/29 10:38:02 AM GMT+1","3","8","E","9"
"2020/09/29 12:00:41 PM GMT+1","5","30","V","5"
"2020/09/29 12:17:20 PM GMT+1","6","43","p","6"
"2020/09/29 1:17:49 PM GMT+1","3","34","f","8"
"2020/09/29 1:36:03 PM GMT+1","6","42","e","6"
"2020/09/29 2:27:47 PM GMT+1","8","12","g","1"
"2020/09/29 3:42:55 PM GMT+1","6","45","f","3"
"2020/09/29 3:45:23 PM GMT+1","8","14","K","3"
"2020/09/29 4:37:43 PM GMT+1","9","40","G","7"
"2020/09/29 5:08:27 PM GMT+1","1","1","a","1"
"2020/09/29 5:26:22 PM GMT+1","8","21","F","8"
"2020/09/29 5:27:16 PM GMT+1","7","47","H","3"
"2020/09/29 5:29:51 PM GMT+1","6","27","x","2"
"2020/09/29 5:50:52 PM GMT+1","7","27","Y","5"
"2020/09/29 5:50:57 PM GMT+1","7","49","H","4"
"2020/09/29 5:51:32 PM GMT+1","9","23","Z","9"
"2020/09/29 5:57:01 PM GMT+1","6","17","B","7"
"2020/09/29 6:05:50 PM GMT+1","1","2","c","4"
"2020/09/29 6:13:47 PM GMT+1","5","5","E","5"
"2020/09/29 6:31:57 PM GMT+1","7","36","S","2"
"2020/09/29 6:35:21 PM GMT+1","5","32","H","3"
"2020/09/29 6:55:10 PM GMT+1","4","46","k","9"
"2020/09/29 7:06:25 PM GMT+1","1","3","V","4"
"2020/09/29 7:32:16 PM GMT+1","2","3.5","Q","2"
"2020/09/29 7:33:04 PM GMT+1","2","10","D","10"
"2020/09/29 7:54:37 PM GMT+1","5","15","L","7"
"2020/09/29 8:41:05 PM GMT+1","6","27","G","1"
"2020/09/29 8:52:17 PM GMT+1","9","45","l","4"
"2020/09/29 9:01:01 PM GMT+1","3","46","g","5"
"2020/09/29 9:08:49 PM GMT+1","5","5","P","5"
"2020/09/29 9:09:42 PM GMT+1","8","44","G","4"
"2020/09/29 11:32:46 PM GMT+1","8","47","f","3"
"2020/09/30 12:36:59 AM GMT+1","4","49","h","9"
"2020/09/30 12:38:44 AM GMT+1","7","22","L","3"
"2020/09/30 2:41:01 AM GMT+1","7","27","q","3"
"2020/09/30 4:33:45 AM GMT+1","4","37","K","8"
"2020/09/30 4:47:01 AM GMT+1","8","5","H","4"
"2020/09/30 6:35:08 AM GMT+1","6","34","K","2"
"2020/09/30 8:35:12 AM GMT+1","6","17","Ą","9"
"2020/09/30 9:14:14 AM GMT+1","6","42","T","1"
"2020/09/30 11:05:00 AM GMT+1","2","3","b","10"
"2020/09/30 1:06:18 PM GMT+1","7","50","g","5"
"2020/09/30 2:40:00 PM GMT+1","3","37","j","9"
"2020/09/30 3:09:01 PM GMT+1","7","46","p","6"
"2020/09/30 3:55:14 PM GMT+1","7","34","a","5"
"2020/09/30 4:49:29 PM GMT+1","9","32","i","5"
"2020/09/30 6:00:36 PM GMT+1","8","49","L","7"
"2020/09/30 6:08:22 PM GMT+1","9","50","x","1"
"2020/09/30 6:22:43 PM GMT+1","6","10","d","3"
"2020/09/30 7:13:16 PM GMT+1","5","38","Y","7"
"2020/09/30 8:34:58 PM GMT+1","5","5","T","7"
"2020/09/30 9:50:06 PM GMT+1","1","42","P","8"
"2020/09/30 10:41:07 PM GMT+1","6","49","F","3"
"2020/09/30 11:21:35 PM GMT+1","2","21","A","2"
"2020/10/01 12:20:17 AM GMT+1","6","22","B","6"
"2020/10/01 12:35:09 AM GMT+1","2","22","A","2"
"2020/10/01 12:36:30 AM GMT+1","6","36","h","8"
"2020/10/01 1:00:29 AM GMT+1","7","22","C","5"
"2020/10/01 4:13:43 AM GMT+1","7","28","V","7"
"2020/10/01 11:03:02 AM GMT+1","8","27","U","9"
"2020/10/01 2:17:41 PM GMT+1","7","36","j","4"
"2020/10/01 2:37:39 PM GMT+1","9","30","u","1"
"2020/10/01 5:44:40 PM GMT+1","7","25","t","5"
"2020/10/01 7:32:03 PM GMT+1","6","25","F","5"
"2020/10/01 8:33:25 PM GMT+1","4","23","l","6"
"2020/10/02 3:52:06 AM GMT+1","4","7","J","5"
"2020/10/02 1:46:20 PM GMT+1","1","50","A","9"
"2020/10/02 1:59:48 PM GMT+1","8","43","Q","4"
"2020/10/02 2:53:11 PM GMT+1","7","34","q","5"
"2020/10/02 4:22:37 PM GMT+1","6","45","h","9"
"2020/10/02 5:25:16 PM GMT+1","6","26","Q","6"
"2020/10/03 12:37:43 AM GMT+1","3","43","Z","9"
"2020/10/03 10:38:57 AM GMT+1","9","43","Z","8"
"2020/10/03 10:10:30 PM GMT+1","5","47","Z","7"
"2020/10/04 6:44:43 AM GMT+1","4","29","Y","7"
"2020/10/04 9:53:27 AM GMT+1","9","39","T","5"
"2020/10/04 7:06:53 PM GMT+1","2","17","Z","8"
"2020/10/06 9:29:53 AM GMT+1","6","12","V","4"
"2020/10/06 9:30:48 AM GMT+1","10","5","H","2"
"2020/10/06 10:59:36 AM GMT+1","2","32","K","8"
"2020/10/06 11:02:58 AM GMT+1","1","45","P","9"
"2020/10/06 11:03:40 AM GMT+1","6","34","G","7"
"2020/10/07 12:42:40 PM GMT+1","5","2","m","2"
"2020/10/07 1:47:41 PM GMT+1","10","4","F","10"
"2020/10/07 1:48:08 PM GMT+1","5","46","b","10"
"2020/10/07 1:55:27 PM GMT+1","2","17","J","8"
"2020/10/07 1:56:35 PM GMT+1","8","35","H","4"
"2020/10/07 2:01:21 PM GMT+1","3","33","Y","4"
"2020/10/07 2:05:21 PM GMT+1","3","42","S","3"
"2020/10/07 2:06:20 PM GMT+1","8","43","H","3"
"2020/10/07 2:12:15 PM GMT+1","5","42","J","5"
"2020/10/07 2:15:50 PM GMT+1","5","35","T","3"
"2020/10/07 2:25:11 PM GMT+1","2","47","F","6"
"2020/10/07 2:36:52 PM GMT+1","3","38","H","6"
"2020/10/07 2:37:08 PM GMT+1","9","2","A","1"
"2020/10/07 2:37:31 PM GMT+1","4","2","F","7"
"2020/10/07 2:37:58 PM GMT+1","1","50","Z","10"
"2020/10/07 2:42:02 PM GMT+1","4","15","p","4"
"2020/10/07 2:43:09 PM GMT+1","2","27","C","7"
"2020/10/07 2:50:02 PM GMT+1","4","21","T","7"
"2020/10/07 2:50:48 PM GMT+1","5","12","U","2"
"2020/10/07 2:55:11 PM GMT+1","3","41","G","6"
"2020/10/07 2:56:14 PM GMT+1","4","23","R","7"
"2020/10/07 2:56:52 PM GMT+1","1","30","O","6"
"2020/10/07 2:57:39 PM GMT+1","5","38","g","3"
"2020/10/07 2:58:44 PM GMT+1","7","25","S","5"
"2020/10/07 3:01:59 PM GMT+1","10","37","G","8"
"2020/10/07 3:05:53 PM GMT+1","6","26","Z","3"
"2020/10/07 3:07:56 PM GMT+1","2","6","b","4"
"2020/10/07 3:12:20 PM GMT+1","8","47","Z","5"
"2020/10/07 3:16:39 PM GMT+1","7","8","y","6"
"2020/10/07 3:17:07 PM GMT+1","5","28","J","2"
"2020/10/07 3:20:12 PM GMT+1","2","49","H","3"
"2020/10/07 3:21:46 PM GMT+1","9","37","t","5"
"2020/10/07 3:22:42 PM GMT+1","7","39","G","9"
"2020/10/07 3:30:12 PM GMT+1","9","49","v","3"
"2020/10/07 3:30:18 PM GMT+1","2","17","G","7"
"2020/10/07 3:30:45 PM GMT+1","5","36","U","9"
"2020/10/07 3:30:47 PM GMT+1","3","36","Q","6"
"2020/10/07 3:31:17 PM GMT+1","8","35","F","7"
"2020/10/07 3:32:38 PM GMT+1","7","37","U","4"
"2020/10/07 3:37:21 PM GMT+1","3","3","t","5"
"2020/10/07 3:38:59 PM GMT+1","4","47","h","5"
"2020/10/07 3:44:33 PM GMT+1","1","26.4","G","3.1415"
"2020/10/07 3:56:50 PM GMT+1","8","13","v","9"
"2020/10/07 4:00:31 PM GMT+1","9","25","R","7"
"2020/10/07 4:08:39 PM GMT+1","9","27","g","7"
"2020/10/07 4:12:48 PM GMT+1","3","37","F","6"
"2020/10/07 4:18:37 PM GMT+1","2","48","B","5"
"2020/10/07 4:19:07 PM GMT+1","7","9","C","8"
"2020/10/07 4:27:29 PM GMT+1","2","47","e","6"
"2020/10/07 4:30:33 PM GMT+1","2","43","u","8"
"2020/10/07 4:36:36 PM GMT+1","5","22","L","2"
"2020/10/07 4:37:28 PM GMT+1","2","37","a","2"
"2020/10/07 4:37:33 PM GMT+1","2","25","B","4"
"2020/10/07 4:45:30 PM GMT+1","8","49","T","3"
"2020/10/07 4:46:12 PM GMT+1","2","14","i","6"
"2020/10/07 4:47:32 PM GMT+1","4","39","V","8"
"2020/10/07 4:51:22 PM GMT+1","8","37","G","3"
"2020/10/07 4:54:43 PM GMT+1","8","39","V","3"
"2020/10/07 4:56:34 PM GMT+1","4","47","z","7"
"2020/10/07 4:57:43 PM GMT+1","4","25","Y","2"
"2020/10/07 4:58:02 PM GMT+1","10","11","P","4"
"2020/10/07 4:59:59 PM GMT+1","4","22","T","5"
"2020/10/07 5:02:35 PM GMT+1","4","9","T","2"
"2020/10/07 5:16:10 PM GMT+1","10","39","I","6"
"2020/10/07 5:20:38 PM GMT+1","2","1","d","10"
"2020/10/07 5:21:52 PM GMT+1","10","49","K","1"
"2020/10/07 5:22:09 PM GMT+1","6","23","B","9"
"2020/10/07 5:24:38 PM GMT+1","7","38","z","2"
"2020/10/07 5:38:50 PM GMT+1","4","38","H","3"
"2020/10/07 5:51:31 PM GMT+1","6","42","V","1"
"2020/10/07 5:54:36 PM GMT+1","3","3","e","3"
"2020/10/07 5:59:23 PM GMT+1","9","14","E","4"
"2020/10/07 6:01:29 PM GMT+1","4","37","R","8"
"2020/10/07 6:02:16 PM GMT+1","8","27","H","2"
"2020/10/07 6:05:17 PM GMT+1","2","35","K","2"
"2020/10/07 6:05:30 PM GMT+1","9","27","J","4"
"2020/10/07 6:09:10 PM GMT+1","2","47","j","9"
"2020/10/07 6:09:10 PM GMT+1","9","31","S","6"
"2020/10/07 6:09:12 PM GMT+1","5","16","D","4"
"2020/10/07 6:10:13 PM GMT+1","9","21","Y","8"
"2020/10/07 6:10:36 PM GMT+1","7","25","a","8"
"2020/10/07 6:10:54 PM GMT+1","9","2","j","7"
"2020/10/07 6:15:28 PM GMT+1","7","25","c","4"
"2020/10/07 6:22:54 PM GMT+1","9","43","C","4"
"2020/10/07 6:26:23 PM GMT+1","8","2","b","5"
"2020/10/07 6:28:12 PM GMT+1","1","41","R","7"
"2020/10/07 6:28:55 PM GMT+1","8","45","L","5"
"2020/10/07 6:31:20 PM GMT+1","6","42","c","3"
"2020/10/07 6:31:31 PM GMT+1","4","45","I","4"
"2020/10/07 6:33:36 PM GMT+1","4","27","R","7"
"2020/10/07 6:36:06 PM GMT+1","2","35","P","7"
"2020/10/07 6:36:50 PM GMT+1","2","37","P","7"
"2020/10/07 6:40:40 PM GMT+1","4","27","s","7"
"2020/10/07 6:51:31 PM GMT+1","5","7","J","3"
"2020/10/07 6:52:48 PM GMT+1","3","33","K","3"
"2020/10/07 6:55:49 PM GMT+1","5","43","G","3"
"2020/10/07 7:00:49 PM GMT+1","8","14","D","8"
"2020/10/07 7:02:53 PM GMT+1","10","20","g","9"
"2020/10/07 7:02:58 PM GMT+1","2","11","G","9"
"2020/10/07 7:04:22 PM GMT+1","5","41","K","9"
"2020/10/07 7:04:47 PM GMT+1","10","39","R","2"
"2020/10/07 7:05:37 PM GMT+1","3","37","V","9"
"2020/10/07 7:07:48 PM GMT+1","8","28","W","6"
"2020/10/07 7:07:50 PM GMT+1","3","37","T","4"
"2020/10/07 7:10:28 PM GMT+1","8","11","E","6"
"2020/10/07 7:15:09 PM GMT+1","2","37","y","10"
"2020/10/07 7:16:20 PM GMT+1","6","37","J","6"
"2020/10/07 7:16:30 PM GMT+1","9","14","J","6"
"2020/10/07 7:18:50 PM GMT+1","4","32","Z","4"
"2020/10/07 7:20:39 PM GMT+1","6","27","U","4"
"2020/10/07 7:23:39 PM GMT+1","5","49","X","1"
"2020/10/07 7:23:57 PM GMT+1","4","37","T","6"
"2020/10/07 7:25:11 PM GMT+1","4","49","K","7"
"2020/10/07 7:25:23 PM GMT+1","7","45","j","5"
"2020/10/07 7:26:30 PM GMT+1","2","14","R","5"
"2020/10/07 7:28:15 PM GMT+1","4","41","i","8"
"2020/10/07 7:29:00 PM GMT+1","5","49","y","6"
"2020/10/07 7:29:49 PM GMT+1","4","37","F","6"
"2020/10/07 7:30:41 PM GMT+1","7","29","J","4"
"2020/10/07 7:31:48 PM GMT+1","8","27","J","9"
"2020/10/07 7:31:52 PM GMT+1","2","37","t","2"
"2020/10/07 7:33:29 PM GMT+1","1","48","U","7"
"2020/10/07 7:34:53 PM GMT+1","7","37","G","7"
"2020/10/07 7:37:00 PM GMT+1","6","45","a","5"
"2020/10/07 7:43:59 PM GMT+1","2","44","o","7"
"2020/10/07 7:44:12 PM GMT+1","8","47","B","5"
"2020/10/07 7:44:35 PM GMT+1","9","32","r","3"
"2020/10/07 7:45:31 PM GMT+1","6","5","L","8"
"2020/10/07 7:45:54 PM GMT+1","3","33","c","9"
"2020/10/07 7:47:49 PM GMT+1","8","49","A","1"
"2020/10/07 7:48:19 PM GMT+1","8","11","p","8"
"2020/10/07 7:52:44 PM GMT+1","4","41","Q","5"
"2020/10/07 7:55:39 PM GMT+1","5","42","Y","5"
"2020/10/07 8:00:50 PM GMT+1","8","14","E","2"
"2020/10/07 8:02:32 PM GMT+1","2","36","B","6"
"2020/10/07 8:03:49 PM GMT+1","5","3","Æ","3"
"2020/10/07 8:05:12 PM GMT+1","8","28","H","3"
"2020/10/07 8:08:50 PM GMT+1","6","47","j","3"
"2020/10/07 8:09:02 PM GMT+1","5","4","G","1"
"2020/10/07 8:13:11 PM GMT+1","7","17","A","7"
"2020/10/07 8:13:52 PM GMT+1","8","28","Z","6"
"2020/10/07 8:15:52 PM GMT+1","7","49","D","5"
"2020/10/07 8:17:03 PM GMT+1","9","48","K","5"
"2020/10/07 8:18:29 PM GMT+1","8","3","R","2"
"2020/10/07 8:18:35 PM GMT+1","4","45","Z","6"
"2020/10/07 8:20:28 PM GMT+1","4","20","R","4"
"2020/10/07 8:23:12 PM GMT+1","10","39","P","2"
"2020/10/07 8:23:29 PM GMT+1","2","27","Q","5"
"2020/10/07 8:23:41 PM GMT+1","7","23","z","6"
"2020/10/07 8:27:08 PM GMT+1","4","38","j","5"
"2020/10/07 8:29:23 PM GMT+1","7","23","B","10"
"2020/10/07 8:31:11 PM GMT+1","5","49","B","2"
"2020/10/07 8:39:52 PM GMT+1","2","7","G","8"
"2020/10/07 8:41:26 PM GMT+1","2","47","x","5"
"2020/10/07 8:42:43 PM GMT+1","1","45","h","7"
"2020/10/07 8:45:24 PM GMT+1","10","25","Ø","10"
"2020/10/07 8:46:57 PM GMT+1","5","6","B","4"
"2020/10/07 8:48:17 PM GMT+1","1","13","Z","2"
"2020/10/07 8:51:11 PM GMT+1","7","45","s","2"
"2020/10/07 8:52:45 PM GMT+1","4","4","T","4"
"2020/10/07 8:57:43 PM GMT+1","5","33","s","10"
"2020/10/07 9:01:23 PM GMT+1","9","8","I","6"
"2020/10/07 9:03:09 PM GMT+1","6","27","R","3"
"2020/10/07 9:06:56 PM GMT+1","4","23","f","6"
"2020/10/07 9:07:12 PM GMT+1","1","49","Z","8"
"2020/10/07 9:07:56 PM GMT+1","7","47","b","4"
"2020/10/07 9:08:31 PM GMT+1","4","8","n","+6"
"2020/10/07 9:08:37 PM GMT+1","2","2","b","2"
"2020/10/07 9:10:17 PM GMT+1","9","21","a","7"
"2020/10/07 9:11:56 PM GMT+1","3","19","w","5"
"2020/10/07 9:12:59 PM GMT+1","3","15","C","5"
"2020/10/07 9:16:14 PM GMT+1","6","43","g","7"
"2020/10/07 9:17:06 PM GMT+1","4","42","G","3"
"2020/10/07 9:22:17 PM GMT+1","8","42","I","4"
"2020/10/07 9:25:35 PM GMT+1","3","11","J","2"
"2020/10/07 9:29:17 PM GMT+1","10","47","B","5"
"2020/10/07 9:33:03 PM GMT+1","2","19","H","8"
"2020/10/07 9:34:36 PM GMT+1","7","37","O","7"
"2020/10/07 9:35:07 PM GMT+1","6","47","q","3.5"
"2020/10/07 9:39:37 PM GMT+1","6","43","V","7"
"2020/10/07 9:41:29 PM GMT+1","4","37","B","3"
"2020/10/07 9:43:57 PM GMT+1","9","38","D","3"
"2020/10/07 9:53:27 PM GMT+1","2","49","t","9"
"2020/10/07 9:55:36 PM GMT+1","10","6","F","4"
"2020/10/07 9:57:34 PM GMT+1","4","40","M","10"
"2020/10/07 9:58:55 PM GMT+1","5","20","N","10"
"2020/10/07 10:02:19 PM GMT+1","3","27","A","7"
"2020/10/07 10:03:47 PM GMT+1","5","24","U","6"
"2020/10/07 10:04:56 PM GMT+1","4","2","m","10"
"2020/10/07 10:08:10 PM GMT+1","2","17","A","1"
"2020/10/07 10:08:38 PM GMT+1","9","37","A","6"
"2020/10/07 10:27:28 PM GMT+1","8","25","b","2"
"2020/10/07 10:29:29 PM GMT+1","9","32","n","3"
"2020/10/07 10:30:22 PM GMT+1","4","50","E","2"
"2020/10/07 10:37:16 PM GMT+1","1","39","c","5"
"2020/10/07 10:38:34 PM GMT+1","8","14","p","8"
"2020/10/07 10:52:01 PM GMT+1","3","38","W","9"
"2020/10/07 10:52:28 PM GMT+1","9","15","F","2"
"2020/10/07 10:52:57 PM GMT+1","2","2","M","5"
"2020/10/07 11:00:30 PM GMT+1","3","49","H","1"
"2020/10/07 11:01:03 PM GMT+1","7","27","A","3"
"2020/10/07 11:04:30 PM GMT+1","4","3","K","9"
"2020/10/07 11:04:41 PM GMT+1","2","8","M","5"
"2020/10/07 11:06:07 PM GMT+1","5","25","A","5"
"2020/10/07 11:07:27 PM GMT+1","9","17","I","2"
"2020/10/07 11:08:41 PM GMT+1","9","49","E","3"
"2020/10/07 11:11:20 PM GMT+1","7","37","Q","8"
"2020/10/07 11:16:25 PM GMT+1","7","36","R","7"
"2020/10/07 11:20:10 PM GMT+1","9","9","Z","9"
"2020/10/07 11:22:24 PM GMT+1","4","4","D","4"
"2020/10/07 11:28:03 PM GMT+1","5","31","I","6"
"2020/10/07 11:29:19 PM GMT+1","4","18","Y","8"
"2020/10/07 11:44:57 PM GMT+1","10","50","I","10"
"2020/10/07 11:46:38 PM GMT+1","6","49","G","4"
"2020/10/07 11:46:52 PM GMT+1","2","2","R","8"
"2020/10/07 11:48:05 PM GMT+1","4","48","s","2"
"2020/10/07 11:48:33 PM GMT+1","5","35","Q","9"
"2020/10/07 11:48:55 PM GMT+1","2","31","N","6"
"2020/10/07 11:49:13 PM GMT+1","7","18","T","6"
"2020/10/07 11:49:29 PM GMT+1","2","25","W","1"
"2020/10/07 11:49:47 PM GMT+1","9","50","p","3"
"2020/10/07 11:50:03 PM GMT+1","8","19","S","5"
"2020/10/07 11:50:22 PM GMT+1","2","37","A","8"
"2020/10/07 11:50:31 PM GMT+1","10","37","H","6"
"2020/10/07 11:50:38 PM GMT+1","4","41","A","4"
"2020/10/07 11:50:58 PM GMT+1","4","7","C","4"
"2020/10/07 11:51:14 PM GMT+1","3","43","E","6"
"2020/10/07 11:51:31 PM GMT+1","8","14","B","9"
"2020/10/08 12:05:51 AM GMT+1","8","47","Q","1"
"2020/10/08 12:18:27 AM GMT+1","8","47","K","3"
"2020/10/08 12:19:22 AM GMT+1","3","12","O","5"
"2020/10/08 12:19:49 AM GMT+1","6","34","R","8"
"2020/10/08 12:30:24 AM GMT+1","2","17","U","1"
"2020/10/08 12:33:12 AM GMT+1","5","46","H","7"
"2020/10/08 12:33:40 AM GMT+1","9","4","K","2"
"2020/10/08 12:33:41 AM GMT+1","4","29","U","7"
"2020/10/08 12:37:31 AM GMT+1","8","47","y","6"
"2020/10/08 12:39:08 AM GMT+1","9","26","H","9"
"2020/10/08 12:39:17 AM GMT+1","3","27","t","3"
"2020/10/08 12:39:59 AM GMT+1","10","49","Q","1"
"2020/10/08 12:41:13 AM GMT+1","9","48","D","8"
"2020/10/08 12:41:44 AM GMT+1","8","43","H","4"
"2020/10/08 12:42:26 AM GMT+1","2","45","L","4"
"2020/10/08 12:48:47 AM GMT+1","4","17","g","2"
"2020/10/08 1:00:46 AM GMT+1","4","44","G","5"
"2020/10/08 1:07:18 AM GMT+1","3","42","Q","3"
"2020/10/08 1:07:28 AM GMT+1","7","17","X","7"
"2020/10/08 1:14:43 AM GMT+1","4","3","O","8"
"2020/10/08 1:21:07 AM GMT+1","10","5","u","4"
"2020/10/08 1:43:04 AM GMT+1","8","17","G","6"
"2020/10/08 1:44:46 AM GMT+1","4","48","F","9"
"2020/10/08 1:44:59 AM GMT+1","4","48","F","9"
"2020/10/08 1:51:06 AM GMT+1","8","4","X","2"
"2020/10/08 1:52:40 AM GMT+1","4","47","o","6"
"2020/10/08 1:54:41 AM GMT+1","5","13","J","3"
"2020/10/08 1:54:57 AM GMT+1","7","44","H","5"
"2020/10/08 2:27:58 AM GMT+1","9","6","l","2"
"2020/10/08 2:29:02 AM GMT+1","8","33","Z","2"
"2020/10/08 2:51:11 AM GMT+1","4","16","C","4"
"2020/10/08 3:03:15 AM GMT+1","4","20","f","3"
"2020/10/08 3:09:00 AM GMT+1","2","11","Y","10"
"2020/10/08 3:09:36 AM GMT+1","4","5","R","6"
"2020/10/08 3:16:22 AM GMT+1","3","27","X","9"
"2020/10/08 3:22:41 AM GMT+1","6","12","U","8"
"2020/10/08 3:33:46 AM GMT+1","10","41","E","9"
"2020/10/08 3:35:45 AM GMT+1","7","32","M","6"
"2020/10/08 3:46:37 AM GMT+1","3","15","g","5"
"2020/10/08 4:02:40 AM GMT+1","9","32","K","3"
"2020/10/08 4:11:02 AM GMT+1","2","4","B","10"
"2020/10/08 4:49:55 AM GMT+1","8","37","o","8"
"2020/10/08 4:50:52 AM GMT+1","8","7","B","7"
"2020/10/08 4:51:42 AM GMT+1","1","20","y","5"
"2020/10/08 4:55:12 AM GMT+1","7","27","K","9"
"2020/10/08 4:55:44 AM GMT+1","7","22","C","2"
"2020/10/08 4:55:49 AM GMT+1","10","50","l","8"
"2020/10/08 4:57:26 AM GMT+1","4","39","J","9"
"2020/10/08 5:03:56 AM GMT+1","4","25","M","2"
"2020/10/08 5:30:56 AM GMT+1","10","2","C","7"
"2020/10/08 5:31:15 AM GMT+1","8","44","Z","6"
"2020/10/08 5:31:42 AM GMT+1","4","46","J","5"
"2020/10/08 5:31:55 AM GMT+1","1","3","H","9"
"2020/10/08 5:32:09 AM GMT+1","10","4","N","3"
"2020/10/08 5:32:42 AM GMT+1","4","37","L","8"
"2020/10/08 5:44:57 AM GMT+1","9","43","h","7"
"2020/10/08 5:51:03 AM GMT+1","4","38","W","4"
"2020/10/08 6:06:30 AM GMT+1","8","11","Y","2"
"2020/10/08 6:06:41 AM GMT+1","8","11","Y","2"
"2020/10/08 6:08:33 AM GMT+1","9","6.28","K","4"
"2020/10/08 6:09:08 AM GMT+1","2","32.98679726281","R","6"
"2020/10/08 6:09:50 AM GMT+1","5","34.462819916281017353","G","1"
"2020/10/08 6:15:13 AM GMT+1","6","39","z","2"
"2020/10/08 6:30:04 AM GMT+1","8","3","p","3"
"2020/10/08 6:42:09 AM GMT+1","9","22","H","5"
"2020/10/08 6:51:30 AM GMT+1","4","38","H","4"
"2020/10/08 6:52:19 AM GMT+1","1","19","J","5"
"2020/10/08 7:00:28 AM GMT+1","8","45","g","5"
"2020/10/08 7:00:44 AM GMT+1","6","33","y","8"
"2020/10/08 7:17:43 AM GMT+1","4","27","J","9"
"2020/10/08 7:19:25 AM GMT+1","1","1","Y","10"
"2020/10/08 7:28:57 AM GMT+1","9","36","T","1"
"2020/10/08 7:55:58 AM GMT+1","5","35","J","3"
"2020/10/08 8:32:25 AM GMT+1","9","41","i","7"
"2020/10/08 8:49:17 AM GMT+1","6","47","L","4"
"2020/10/08 9:07:24 AM GMT+1","3","37","å","8"
"2020/10/08 9:09:26 AM GMT+1","2","32","p","9"
"2020/10/08 10:27:24 AM GMT+1","1","29","m","8"
"2020/10/08 10:36:05 AM GMT+1","8","33","J","4"
"2020/10/08 10:52:03 AM GMT+1","5","17","F","5"
"2020/10/08 10:52:17 AM GMT+1","3","38","H","6"
"2020/10/08 10:52:36 AM GMT+1","10","48","M","3"
"2020/10/08 10:52:48 AM GMT+1","9","29","T","1"
"2020/10/08 10:59:38 AM GMT+1","7","25","k","8"
"2020/10/08 10:59:51 AM GMT+1","3","45","u","2"
"2020/10/08 11:00:00 AM GMT+1","5","47","t","2"
"2020/10/08 11:02:42 AM GMT+1","2","49","D","3"
"2020/10/08 11:06:16 AM GMT+1","6","48","G","4"
"2020/10/08 12:10:20 PM GMT+1","6","29","C","4"
"2020/10/08 12:28:00 PM GMT+1","8","44","L","3"
"2020/10/08 12:37:51 PM GMT+1","4","17","n","8"
"2020/10/08 1:19:42 PM GMT+1","8","27","M","4"
"2020/10/08 1:31:33 PM GMT+1","2","27","T","1"
"2020/10/08 2:14:34 PM GMT+1","3","9","g","1"
"2020/10/08 2:28:53 PM GMT+1","5","25","A","9"
"2020/10/08 4:36:29 PM GMT+1","4","27","Q","8"
"2020/10/08 5:42:45 PM GMT+1","7","50","Q","3"
"2020/10/08 6:17:44 PM GMT+1","8","15","Z","4"
"2020/10/08 7:43:07 PM GMT+1","6","14","P","2"
"2020/10/08 8:51:10 PM GMT+1","5","27","Z","1"
"2020/10/08 11:01:06 PM GMT+1","1","2","F","1"
"2020/10/09 1:04:20 AM GMT+1","8","26","Z","7"
"2020/10/09 1:25:41 AM GMT+1","4","28","T","9"
"2020/10/09 1:25:57 AM GMT+1","5","47","P","7"
"2020/10/09 1:26:16 AM GMT+1","6","13","F","1"
"2020/10/09 1:26:31 AM GMT+1","2","1","L","9"
"2020/10/09 1:26:53 AM GMT+1","10","25","V","10"
"2020/10/09 1:27:07 AM GMT+1","1","2","A","3"
"2020/10/09 1:58:54 AM GMT+1","10","25","n","2"
"2020/10/09 5:31:09 AM GMT+1","10","1","Z","1"
"2020/10/09 7:45:38 AM GMT+1","7","42","g","3"
"2020/10/09 7:45:50 AM GMT+1","6","15","f","8"
"2020/10/09 7:46:06 AM GMT+1","1","9","o","3"
"2020/10/09 7:46:34 AM GMT+1","9","46","i","2"
"2020/10/09 11:16:23 AM GMT+1","1","1","§","1"
"2020/10/09 4:09:37 PM GMT+1","2","22","L","8"
"2020/10/09 10:14:18 PM GMT+1","4","38","c","8"
"2020/10/10 7:51:13 AM GMT+1","6","23","F","9"
"2020/10/10 10:42:59 PM GMT+1","2","44","L","3"
"2020/10/10 10:43:20 PM GMT+1","6","27","N","8"
"2020/10/11 3:54:15 AM GMT+1","1","22.4","y","6.4"
"2020/10/11 5:00:58 AM GMT+1","8","34","U","4"
"2020/10/11 7:06:25 AM GMT+1","4","32","t","9"
"2020/10/12 5:35:48 AM GMT+1","6","40","J","3"
"2020/10/12 10:04:03 AM GMT+1","3","42","G","7"
"2020/10/12 4:03:21 PM GMT+1","7","29","F","7"
"2020/10/12 4:03:44 PM GMT+1","10","10","J","10"
"2020/10/12 5:49:22 PM GMT+1","1","39","M","8"
"2020/10/13 9:52:51 AM GMT+1","4","48","H","8"
"2020/10/13 10:05:03 AM GMT+1","4","29","A","10"
"2020/10/13 10:07:10 AM GMT+1","9","27","F","5"
"2020/10/13 10:09:46 AM GMT+1","3","47","j","1"
"2020/10/13 10:14:10 AM GMT+1","9","9","P","9"
"2020/10/13 10:17:10 AM GMT+1","2","37","P","1"
"2020/10/13 10:17:23 AM GMT+1","4","11","P","2"
"2020/10/13 10:19:34 AM GMT+1","5","38","j","1"
"2020/10/13 10:20:21 AM GMT+1","4","23","F","8"
"2020/10/13 10:25:32 AM GMT+1","2","1","T","6"
"2020/10/13 10:28:42 AM GMT+1","8","39","J","4"
"2020/10/13 10:31:55 AM GMT+1","9","26","O","4"
"2020/10/13 10:32:01 AM GMT+1","4","37","U","8"
"2020/10/13 10:34:28 AM GMT+1","10","35","f","5"
"2020/10/13 10:34:42 AM GMT+1","3","41","g","6"
"2020/10/13 10:39:17 AM GMT+1","2","35","H","4"
"2020/10/13 10:39:18 AM GMT+1","4","32","Y","10"
"2020/10/13 10:46:09 AM GMT+1","2","8","p","10"
"2020/10/13 10:50:25 AM GMT+1","1","48","i","9"
"2020/10/13 10:55:41 AM GMT+1","7","49","F","4"
"2020/10/13 10:56:01 AM GMT+1","3","38","r","7"
"2020/10/13 10:57:14 AM GMT+1","6","23","L","1"
"2020/10/13 11:01:57 AM GMT+1","6","2","I","9"
"2020/10/13 11:02:31 AM GMT+1","8","36","i","7"
"2020/10/13 11:02:39 AM GMT+1","8","14","B","9"
"2020/10/13 11:03:47 AM GMT+1","8","46","V","5"
"2020/10/13 11:05:37 AM GMT+1","1","34","G","7"
"2020/10/13 11:08:52 AM GMT+1","4","49","Z","2"
"2020/10/13 11:09:20 AM GMT+1","6","43","F","2"
"2020/10/13 11:10:48 AM GMT+1","7","22","H","8"
"2020/10/13 11:11:35 AM GMT+1","9","19","C","9"
"2020/10/13 11:12:08 AM GMT+1","9","37","L","1"
"2020/10/13 11:13:57 AM GMT+1","5","43","G","7"
"2020/10/13 11:16:16 AM GMT+1","8","48","J","6"
"2020/10/13 11:17:15 AM GMT+1","2","43","h","4"
"2020/10/13 11:17:31 AM GMT+1","6","26","P","10"
"2020/10/13 11:20:29 AM GMT+1","10","49","G","3"
"2020/10/13 11:20:29 AM GMT+1","4","12","C","9"
"2020/10/13 11:20:31 AM GMT+1","10","49","h","2"
"2020/10/13 11:21:28 AM GMT+1","2","29","k","6"
"2020/10/13 11:21:36 AM GMT+1","7","37","O","7"
"2020/10/13 11:21:50 AM GMT+1","6","22","R","4"
"2020/10/13 11:22:27 AM GMT+1","9","9","f","9"
"2020/10/13 11:26:13 AM GMT+1","8","48","A","10"
"2020/10/13 11:26:50 AM GMT+1","4","41","b","6"
"2020/10/13 11:27:30 AM GMT+1","8","49","o","9"
"2020/10/13 11:27:38 AM GMT+1","8","28","Z","7"
"2020/10/13 11:27:57 AM GMT+1","10","47","A","1"
"2020/10/13 11:28:16 AM GMT+1","10","33","v","3"
"2020/10/13 11:29:09 AM GMT+1","6","31","F","9"
"2020/10/13 11:29:36 AM GMT+1","10","1","U","1"
"2020/10/13 11:29:46 AM GMT+1","9","46","F","1"
"2020/10/13 11:29:53 AM GMT+1","1","6","Q","1"
"2020/10/13 11:30:15 AM GMT+1","8","14","U","3"
"2020/10/13 11:30:34 AM GMT+1","8","12","h","3"
"2020/10/13 11:31:53 AM GMT+1","9","2","c","1"
"2020/10/13 11:32:14 AM GMT+1","5","23","H","9"
"2020/10/13 11:32:35 AM GMT+1","4","11","x","9"
"2020/10/13 11:32:35 AM GMT+1","9","46","K","2"
"2020/10/13 11:32:39 AM GMT+1","5","7","g","2"
"2020/10/13 11:33:33 AM GMT+1","5","23","i","7"
"2020/10/13 11:34:22 AM GMT+1","4","38","U","1"
"2020/10/13 11:34:29 AM GMT+1","1","22","E","1"
"2020/10/13 11:34:54 AM GMT+1","3","49","Z","3"
"2020/10/13 11:34:57 AM GMT+1","3","16","r","8"
"2020/10/13 11:35:14 AM GMT+1","1","22","A","1"
"2020/10/13 11:36:54 AM GMT+1","6","49","ö","4"
"2020/10/13 11:36:58 AM GMT+1","4","20","O","5"
"2020/10/13 11:37:14 AM GMT+1","4","7","f","2"
"2020/10/13 11:37:27 AM GMT+1","9","2","H","7"
"2020/10/13 11:37:45 AM GMT+1","9","27","j","4"
"2020/10/13 11:37:45 AM GMT+1","2","4","k","6"
"2020/10/13 11:40:06 AM GMT+1","3","36","G","7"
"2020/10/13 11:40:09 AM GMT+1","6","37","C","3"
"2020/10/13 11:41:02 AM GMT+1","2","40","g","8"
"2020/10/13 11:42:50 AM GMT+1","4","38","j","10"
"2020/10/13 11:43:29 AM GMT+1","5","35","f","10"
"2020/10/13 11:43:29 AM GMT+1","6","36","F","8"
"2020/10/13 11:43:59 AM GMT+1","1","20","B","4"
"2020/10/13 11:44:01 AM GMT+1","7","37","H","8"
"2020/10/13 11:44:08 AM GMT+1","8","28","M","4"
"2020/10/13 11:44:28 AM GMT+1","4","27","U","2"
"2020/10/13 11:46:08 AM GMT+1","2","49","I","4"
"2020/10/13 11:46:15 AM GMT+1","8","13","K","4"
"2020/10/13 11:46:38 AM GMT+1","2","47","y","3"
"2020/10/13 11:47:18 AM GMT+1","8","25","S","9"
"2020/10/13 11:49:04 AM GMT+1","8","2","G","6"
"2020/10/13 11:49:48 AM GMT+1","1","14","K","9"
"2020/10/13 11:49:56 AM GMT+1","4","28","F","2"
"2020/10/13 11:50:25 AM GMT+1","9","43","G","4"
"2020/10/13 11:51:01 AM GMT+1","10","50","A","1"
"2020/10/13 11:51:24 AM GMT+1","3","47","Z","9"
"2020/10/13 11:52:46 AM GMT+1","3","24","H","6"
"2020/10/13 11:53:05 AM GMT+1","5","45","a","7"
"2020/10/13 11:53:30 AM GMT+1","2","23","S","6"
"2020/10/13 11:54:17 AM GMT+1","6","38","G","6"
"2020/10/13 11:54:22 AM GMT+1","5","25","M","2"
"2020/10/13 11:54:36 AM GMT+1","2","43","h","6"
"2020/10/13 11:54:39 AM GMT+1","6","46","G","8"
"2020/10/13 11:55:31 AM GMT+1","7","42","y","9"
"2020/10/13 11:55:37 AM GMT+1","4","39","o","9"
"2020/10/13 11:57:06 AM GMT+1","3","34","P","8"
"2020/10/13 11:57:14 AM GMT+1","6","32","Q","4"
"2020/10/13 11:57:18 AM GMT+1","9","47","B","5"
"2020/10/13 11:57:25 AM GMT+1","4","8","v","7"
"2020/10/13 11:57:30 AM GMT+1","4","19","K","9"
"2020/10/13 11:57:43 AM GMT+1","6","41","p","7"
"2020/10/13 11:57:52 AM GMT+1","3","47","J","6"
"2020/10/13 11:57:53 AM GMT+1","1","1","A","10"
"2020/10/13 11:58:31 AM GMT+1","8","16","T","6"
"2020/10/13 11:58:50 AM GMT+1","7","32","J","6"
"2020/10/13 11:59:39 AM GMT+1","4","2","O","1"
"2020/10/13 12:00:24 PM GMT+1","7","32","Q","4"
"2020/10/13 12:00:39 PM GMT+1","8","24","z","2"
"2020/10/13 12:00:49 PM GMT+1","4","21","J","10"
"2020/10/13 12:01:01 PM GMT+1","8","47","D","2"
"2020/10/13 12:01:05 PM GMT+1","8","47","p","6"
"2020/10/13 12:01:09 PM GMT+1","7","32","W","3"
"2020/10/13 12:01:10 PM GMT+1","7","13","E","2"
"2020/10/13 12:01:18 PM GMT+1","6","37","J","9"
"2020/10/13 12:01:37 PM GMT+1","2","24","t","9"
"2020/10/13 12:02:39 PM GMT+1","3","49","Z","7"
"2020/10/13 12:03:27 PM GMT+1","8","43","Q","7"
"2020/10/13 12:03:33 PM GMT+1","8","49","K","4"
"2020/10/13 12:04:37 PM GMT+1","2","38","U","6"
"2020/10/13 12:04:43 PM GMT+1","10","26","R","4"
"2020/10/13 12:04:54 PM GMT+1","8","43","R","4"
"2020/10/13 12:04:56 PM GMT+1","9","2","j","9"
"2020/10/13 12:05:21 PM GMT+1","7","36","H","3"
"2020/10/13 12:07:02 PM GMT+1","5","30","B","10"
"2020/10/13 12:07:13 PM GMT+1","3","6","q","9"
"2020/10/13 12:07:13 PM GMT+1","2","44","H","8"
"2020/10/13 12:07:33 PM GMT+1","7","36","H","4"
"2020/10/13 12:07:39 PM GMT+1","10","37","H","4"
"2020/10/13 12:08:00 PM GMT+1","2","43","D","6"
"2020/10/13 12:08:39 PM GMT+1","7","42","C","4"
"2020/10/13 12:08:45 PM GMT+1","2","22","f","3"
"2020/10/13 12:09:00 PM GMT+1","4","43","F","7"
"2020/10/13 12:10:01 PM GMT+1","9","20","Y","3"
"2020/10/13 12:10:03 PM GMT+1","4","38","h","9"
"2020/10/13 12:10:54 PM GMT+1","5","20","C","3"
"2020/10/13 12:11:16 PM GMT+1","7","14","l","2"
"2020/10/13 12:11:26 PM GMT+1","1","48","P","2"
"2020/10/13 12:11:33 PM GMT+1","9","42","F","5"
"2020/10/13 12:12:47 PM GMT+1","3","33","U","8"
"2020/10/13 12:13:11 PM GMT+1","8","27","H","2"
"2020/10/13 12:14:29 PM GMT+1","8","32","B","4"
"2020/10/13 12:14:33 PM GMT+1","5","46","B","8"
"2020/10/13 12:15:03 PM GMT+1","6","29","H","1"
"2020/10/13 12:15:45 PM GMT+1","7","33.54","f","9"
"2020/10/13 12:16:05 PM GMT+1","9","12","e","1"
"2020/10/13 12:17:04 PM GMT+1","5","48","L","2"
"2020/10/13 12:17:15 PM GMT+1","9","32","P","1"
"2020/10/13 12:17:50 PM GMT+1","3","12","F","6"
"2020/10/13 12:17:58 PM GMT+1","1","16","D","8"
"2020/10/13 12:18:03 PM GMT+1","3","39","Z","9"
"2020/10/13 12:18:07 PM GMT+1","7","27","b","4"
"2020/10/13 12:18:20 PM GMT+1","6","30","Z","2"
"2020/10/13 12:20:10 PM GMT+1","1","2","C","1"
"2020/10/13 12:21:10 PM GMT+1","5","37","Q","2"
"2020/10/13 12:21:24 PM GMT+1","2","34","m","6"
"2020/10/13 12:21:37 PM GMT+1","4","43","G","7"
"2020/10/13 12:21:57 PM GMT+1","9","46","y","10"
"2020/10/13 12:22:39 PM GMT+1","7","21","F","2"
"2020/10/13 12:22:49 PM GMT+1","7","14","C","4"
"2020/10/13 12:23:18 PM GMT+1","3","46","E","8"
"2020/10/13 12:23:39 PM GMT+1","10","25","A","1"
"2020/10/13 12:23:42 PM GMT+1","2","2","L","2"
"2020/10/13 12:24:16 PM GMT+1","9","46","F","2"
"2020/10/13 12:24:49 PM GMT+1","4","47","S","6"
"2020/10/13 12:25:01 PM GMT+1","2","47","q","7"
"2020/10/13 12:25:18 PM GMT+1","1","49","e","2"
"2020/10/13 12:25:23 PM GMT+1","7","34","G","3"
"2020/10/13 12:25:28 PM GMT+1","9","35","G","4"
"2020/10/13 12:25:39 PM GMT+1","7","45","D","4"
"2020/10/13 12:26:04 PM GMT+1","5","1","C","9"
"2020/10/13 12:26:05 PM GMT+1","9","6.9 ","D","10"
"2020/10/13 12:26:11 PM GMT+1","6","42","Y","2"
"2020/10/13 12:26:12 PM GMT+1","9","47","F","3"
"2020/10/13 12:26:22 PM GMT+1","3","45","n","2"
"2020/10/13 12:26:24 PM GMT+1","4","37","R","1"
"2020/10/13 12:27:45 PM GMT+1","4","34","T","6"
"2020/10/13 12:28:19 PM GMT+1","6","32","Y","2"
"2020/10/13 12:28:35 PM GMT+1","10","48","h","8"
"2020/10/13 12:29:29 PM GMT+1","2","12","G","6"
"2020/10/13 12:29:47 PM GMT+1","4","38","Y","1"
"2020/10/13 12:29:49 PM GMT+1","3","47","h","9"
"2020/10/13 12:31:03 PM GMT+1","4","23","T","3"
"2020/10/13 12:31:42 PM GMT+1","8","3","O","4"
"2020/10/13 12:32:02 PM GMT+1","2","19","j","6"
"2020/10/13 12:32:28 PM GMT+1","6","43","D","4"
"2020/10/13 12:33:03 PM GMT+1","3","42","C","7"
"2020/10/13 12:33:34 PM GMT+1","2","3","J","9"
"2020/10/13 12:33:53 PM GMT+1","1","32","F","10"
"2020/10/13 12:34:09 PM GMT+1","2","49","H","6"
"2020/10/13 12:34:10 PM GMT+1","8","45","k","5"
"2020/10/13 12:34:19 PM GMT+1","10","46","D","1"
"2020/10/13 12:34:58 PM GMT+1","3","38","D","8"
"2020/10/13 12:35:07 PM GMT+1","10","41","V","10"
"2020/10/13 12:36:37 PM GMT+1","3","27","M","9"
"2020/10/13 12:37:40 PM GMT+1","5","35","F","3"
"2020/10/13 12:37:48 PM GMT+1","6","26","A","4"
"2020/10/13 12:38:12 PM GMT+1","9","27","K","3"
"2020/10/13 12:38:18 PM GMT+1","3","16","D","2"
"2020/10/13 12:38:28 PM GMT+1","2","34","N","4"
"2020/10/13 12:38:51 PM GMT+1","8","2","j","6"
"2020/10/13 12:39:57 PM GMT+1","8","8","H","3"
"2020/10/13 12:40:40 PM GMT+1","10","49","D","3"
"2020/10/13 12:41:30 PM GMT+1","4","5","R","7"
"2020/10/13 12:41:35 PM GMT+1","8","32","G","4"
"2020/10/13 12:41:57 PM GMT+1","8","12","S","9"
"2020/10/13 12:42:43 PM GMT+1","9","25","H","4"
"2020/10/13 12:43:04 PM GMT+1","1","49","a","2"
"2020/10/13 12:43:09 PM GMT+1","10","28","B","4"
"2020/10/13 12:43:31 PM GMT+1","10","50","L","9"
"2020/10/13 12:43:33 PM GMT+1","10","27","R","1"
"2020/10/13 12:45:01 PM GMT+1","10","36","d","6"
"2020/10/13 12:45:11 PM GMT+1","9","37","j","3"
"2020/10/13 12:45:29 PM GMT+1","1","7","h","8"
"2020/10/13 12:45:35 PM GMT+1","3","43","k","6"
"2020/10/13 12:46:28 PM GMT+1","7","23","K","3"
"2020/10/13 12:47:18 PM GMT+1","8","33","V","6"
"2020/10/13 12:47:44 PM GMT+1","2","8","U","9"
"2020/10/13 12:48:37 PM GMT+1","9","45","k","6"
"2020/10/13 12:48:59 PM GMT+1","9","47","J","4"
"2020/10/13 12:49:05 PM GMT+1","9","37","d","4"
"2020/10/13 12:49:11 PM GMT+1","4","34","f","6"
"2020/10/13 12:49:19 PM GMT+1","7","37","Q","7.5"
"2020/10/13 12:49:45 PM GMT+1","5","43","E","6"
"2020/10/13 12:49:58 PM GMT+1","8","6.7","Z","7.5"
"2020/10/13 12:51:17 PM GMT+1","3","25","P","3"
"2020/10/13 12:51:22 PM GMT+1","7","37","F","4"
"2020/10/13 12:51:42 PM GMT+1","5","19","a","2"
"2020/10/13 12:51:42 PM GMT+1","8","46","K","4"
"2020/10/13 12:52:03 PM GMT+1","9","42","M","8"
"2020/10/13 12:52:06 PM GMT+1","10","3","L","2"
"2020/10/13 12:52:12 PM GMT+1","4","27","B","7"
"2020/10/13 12:52:33 PM GMT+1","8","22","F","9"
"2020/10/13 12:53:06 PM GMT+1","3","28","S","6"
"2020/10/13 12:53:57 PM GMT+1","7","29","X","3"
"2020/10/13 12:54:37 PM GMT+1","5","34","h","5"
"2020/10/13 12:55:05 PM GMT+1","10","43","X","2"
"2020/10/13 12:55:40 PM GMT+1","1","24","R","1"
"2020/10/13 12:55:47 PM GMT+1","1","48","f","9"
"2020/10/13 12:56:28 PM GMT+1","3","36","I","8"
"2020/10/13 12:56:31 PM GMT+1","7","37","A","9"
"2020/10/13 12:56:45 PM GMT+1","7","37","A","9"
"2020/10/13 12:56:55 PM GMT+1","8","49","z","4"
"2020/10/13 12:57:07 PM GMT+1","4","37","J","8"
"2020/10/13 12:58:08 PM GMT+1","1","27","Y","3"
"2020/10/13 12:58:10 PM GMT+1","3","47","X","6"
"2020/10/13 12:58:30 PM GMT+1","1","29","G","6"
"2020/10/13 12:58:44 PM GMT+1","2","49","W","9"
"2020/10/13 12:58:47 PM GMT+1","3","39","K","3"
"2020/10/13 12:59:29 PM GMT+1","8","24","Y","3"
"2020/10/13 1:00:06 PM GMT+1","2","44","G","3"
"2020/10/13 1:02:23 PM GMT+1","7","37","L","2"
"2020/10/13 1:02:31 PM GMT+1","5","45","R","8"
"2020/10/13 1:03:52 PM GMT+1","3","47","B","2"
"2020/10/13 1:05:18 PM GMT+1","9","32","J","7"
"2020/10/13 1:05:41 PM GMT+1","8","48","U","4"
"2020/10/13 1:06:01 PM GMT+1","3","43","d","7"
"2020/10/13 1:06:22 PM GMT+1","6","47","E","1"
"2020/10/13 1:06:46 PM GMT+1","6","39","H","3"
"2020/10/13 1:07:25 PM GMT+1","1","13","K","10"
"2020/10/13 1:07:34 PM GMT+1","2","8","r","9"
"2020/10/13 1:07:37 PM GMT+1","5","42.069","d","8"
"2020/10/13 1:08:44 PM GMT+1","7","24","v","10"
"2020/10/13 1:08:59 PM GMT+1","2","21","K","6"
"2020/10/13 1:09:27 PM GMT+1","1","11","h","10"
"2020/10/13 1:09:30 PM GMT+1","10","41","K","2"
"2020/10/13 1:09:32 PM GMT+1","9","10","P","10"
"2020/10/13 1:09:40 PM GMT+1","1","2","A","5"
"2020/10/13 1:10:03 PM GMT+1","4","2","f","7"
"2020/10/13 1:11:14 PM GMT+1","4","41","K","8"
"2020/10/13 1:11:31 PM GMT+1","2","49","B","3"
"2020/10/13 1:11:47 PM GMT+1","8","31","o","5"
"2020/10/13 1:11:58 PM GMT+1","6","47","P","2"
"2020/10/13 1:12:24 PM GMT+1","9","3","T","3"
"2020/10/13 1:12:43 PM GMT+1","4","46","j","7"
"2020/10/13 1:12:46 PM GMT+1","6","18","R","7"
"2020/10/13 1:12:58 PM GMT+1","6","42","Z","3"
"2020/10/13 1:13:35 PM GMT+1","4","33","J","8"
"2020/10/13 1:13:51 PM GMT+1","7","16","G","9"
"2020/10/13 1:13:56 PM GMT+1","3","5","X","8"
"2020/10/13 1:14:00 PM GMT+1","7","34","R","3"
"2020/10/13 1:14:08 PM GMT+1","8","39","D","4"
"2020/10/13 1:14:15 PM GMT+1","4","37","p","6"
"2020/10/13 1:14:26 PM GMT+1","10","32","z","2"
"2020/10/13 1:15:28 PM GMT+1","7","7","g","7"
"2020/10/13 1:15:31 PM GMT+1","5","35","G","5"
"2020/10/13 1:15:34 PM GMT+1","3","42","H","2"
"2020/10/13 1:15:39 PM GMT+1","2","27","E","8"
"2020/10/13 1:15:57 PM GMT+1","5","23","G","6"
"2020/10/13 1:16:02 PM GMT+1","4","3","b","5"
"2020/10/13 1:16:24 PM GMT+1","6","31","J","4"
"2020/10/13 1:16:45 PM GMT+1","9","26","S","1"
"2020/10/13 1:16:57 PM GMT+1","6","49","B","3"
"2020/10/13 1:17:01 PM GMT+1","3","43","L","4"
"2020/10/13 1:17:28 PM GMT+1","2","36","G","7"
"2020/10/13 1:18:54 PM GMT+1","8","28","J","3"
"2020/10/13 1:19:11 PM GMT+1","5","46","j","5"
"2020/10/13 1:19:22 PM GMT+1","3","47","B","5"
"2020/10/13 1:20:07 PM GMT+1","4","26","Q","7"
"2020/10/13 1:20:30 PM GMT+1","10","43","h","5"
"2020/10/13 1:21:25 PM GMT+1","6","7","g","3"
"2020/10/13 1:22:14 PM GMT+1","7","26","J","3"
"2020/10/13 1:23:18 PM GMT+1","4","27","W","8"
"2020/10/13 1:23:39 PM GMT+1","1","1","a","1"
"2020/10/13 1:24:09 PM GMT+1","2","48","O","10"
"2020/10/13 1:24:14 PM GMT+1","3","17","q","8"
"2020/10/13 1:25:02 PM GMT+1","1","1.4","A","2.8887446"
"2020/10/13 1:25:39 PM GMT+1","3","46","H","7"
"2020/10/13 1:26:02 PM GMT+1","9","2","Y","2"
"2020/10/13 1:26:16 PM GMT+1","9","37","Y","2"
"2020/10/13 1:27:06 PM GMT+1","1","38","g","5"
"2020/10/13 1:28:08 PM GMT+1","7","8","q","1"
"2020/10/13 1:28:25 PM GMT+1","3","38","X","10"
"2020/10/13 1:28:30 PM GMT+1","4","37","T","5"
"2020/10/13 1:28:44 PM GMT+1","2","22","K","2"
"2020/10/13 1:29:41 PM GMT+1","9","23","B","3"
"2020/10/13 1:30:07 PM GMT+1","7","17","M","7"
"2020/10/13 1:30:08 PM GMT+1","2","36","P","8"
"2020/10/13 1:31:00 PM GMT+1","4","4","O","4"
"2020/10/13 1:31:22 PM GMT+1","4","25","Y","5"
"2020/10/13 1:31:49 PM GMT+1","3","8","n","3"
"2020/10/13 1:32:53 PM GMT+1","3","12","Z","3.14"
"2020/10/13 1:32:55 PM GMT+1","2","46","D","9"
"2020/10/13 1:34:11 PM GMT+1","1","49","C","7"
"2020/10/13 1:34:43 PM GMT+1","6","3","M","8"
"2020/10/13 1:35:24 PM GMT+1","6","42","A","7"
"2020/10/13 1:35:29 PM GMT+1","6","41","j","5"
"2020/10/13 1:35:48 PM GMT+1","4","12","R","9"
"2020/10/13 1:36:07 PM GMT+1","5","48","j","3"
"2020/10/13 1:36:09 PM GMT+1","1","38","m","8"
"2020/10/13 1:36:42 PM GMT+1","4","38","Z","8"
"2020/10/13 1:37:33 PM GMT+1","2","26","A","8"
"2020/10/13 1:38:46 PM GMT+1","9","13","X","4"
"2020/10/13 1:39:00 PM GMT+1","3","44","H","8"
"2020/10/13 1:39:06 PM GMT+1","8","45","K","5"
"2020/10/13 1:39:16 PM GMT+1","2","22","Z","4"
"2020/10/13 1:40:57 PM GMT+1","2","37","T","10"
"2020/10/13 1:41:34 PM GMT+1","1","2","c","4"
"2020/10/13 1:41:46 PM GMT+1","8","47","h","6"
"2020/10/13 1:42:31 PM GMT+1","4","34","P","7"
"2020/10/13 1:42:56 PM GMT+1","3","48","K","6"
"2020/10/13 1:43:13 PM GMT+1","9","14","H","6"
"2020/10/13 1:43:14 PM GMT+1","2","37","H","9"
"2020/10/13 1:43:24 PM GMT+1","1","43","A","3"
"2020/10/13 1:43:24 PM GMT+1","6","36","k","7"
"2020/10/13 1:43:28 PM GMT+1","10","27","N","5"
"2020/10/13 1:44:18 PM GMT+1","7","23","G","3"
"2020/10/13 1:45:14 PM GMT+1","2","2","J","8"
"2020/10/13 1:45:46 PM GMT+1","3","12","Z","6"
"2020/10/13 1:46:18 PM GMT+1","10","27","E","7"
"2020/10/13 1:47:08 PM GMT+1","8","31","g","6"
"2020/10/13 1:48:53 PM GMT+1","4","7.9012714","J","2.1423904"
"2020/10/13 1:49:01 PM GMT+1","1","14","Y","10"
"2020/10/13 1:49:06 PM GMT+1","7","25","Z","2"
"2020/10/13 1:49:17 PM GMT+1","9","2","y","3"
"2020/10/13 1:49:35 PM GMT+1","4","45","C","8"
"2020/10/13 1:49:36 PM GMT+1","7","42","k","1"
"2020/10/13 1:50:14 PM GMT+1","2","3","b","1"
"2020/10/13 1:50:43 PM GMT+1","3","27","W","10"
"2020/10/13 1:51:17 PM GMT+1","7","49","G","5"
"2020/10/13 1:51:19 PM GMT+1","4","17","H","2"
"2020/10/13 1:51:44 PM GMT+1","8","3","K","4"
"2020/10/13 1:52:16 PM GMT+1","8","47","U","9"
"2020/10/13 1:52:18 PM GMT+1","3","13","C","2"
"2020/10/13 1:52:19 PM GMT+1","6","47","U","3"
"2020/10/13 1:52:26 PM GMT+1","7","43","Y","3"
"2020/10/13 1:52:37 PM GMT+1","6","42","C","3"
"2020/10/13 1:53:04 PM GMT+1","1","50","k","6"
"2020/10/13 1:53:39 PM GMT+1","2","19","J","5"
"2020/10/13 1:53:40 PM GMT+1","2","50","Y","7"
"2020/10/13 1:53:44 PM GMT+1","7","37","B","4"
"2020/10/13 1:53:51 PM GMT+1","4","29","s","8"
"2020/10/13 1:54:09 PM GMT+1","10","20","I","9"
"2020/10/13 1:54:20 PM GMT+1","2","46","K","4"
"2020/10/13 1:54:46 PM GMT+1","9","25","V","2"
"2020/10/13 1:54:58 PM GMT+1","2","42","D","3"
"2020/10/13 1:56:02 PM GMT+1","10","47","C","2"
"2020/10/13 1:56:15 PM GMT+1","8","39","K","1"
"2020/10/13 1:56:57 PM GMT+1","9","32","J","2"
"2020/10/13 1:57:47 PM GMT+1","9","45","e","4"
"2020/10/13 1:58:39 PM GMT+1","2","43","L","2"
"2020/10/13 1:59:08 PM GMT+1","9","40","N","10"
"2020/10/13 1:59:31 PM GMT+1","6","37","i","3"
"2020/10/13 2:00:03 PM GMT+1","3","11","p","8"
"2020/10/13 2:00:25 PM GMT+1","8","47","P","6"
"2020/10/13 2:00:44 PM GMT+1","2","2","b","2"
"2020/10/13 2:01:08 PM GMT+1","9","18","J","3"
"2020/10/13 2:01:19 PM GMT+1","9","44","i","6"
"2020/10/13 2:01:31 PM GMT+1","2","9","v","3"
"2020/10/13 2:01:44 PM GMT+1","2","4","x","8"
"2020/10/13 2:01:50 PM GMT+1","1","22","C","5"
"2020/10/13 2:02:55 PM GMT+1","2","31","S","9"
"2020/10/13 2:03:37 PM GMT+1","3","45","Y","5"
"2020/10/13 2:03:42 PM GMT+1","2","43","x","9"
"2020/10/13 2:04:14 PM GMT+1","5","7","O","8"
"2020/10/13 2:04:32 PM GMT+1","1","39","E","2"
"2020/10/13 2:05:16 PM GMT+1","6","14","X","3"
"2020/10/13 2:05:46 PM GMT+1","3","25","A","2"
"2020/10/13 2:06:00 PM GMT+1","4","23","k","2"
"2020/10/13 2:06:29 PM GMT+1","4","47","H","6"
"2020/10/13 2:06:42 PM GMT+1","3","12","U","7"
"2020/10/13 2:06:56 PM GMT+1","7","49","Z","3"
"2020/10/13 2:06:57 PM GMT+1","3","49","f","4"
"2020/10/13 2:09:50 PM GMT+1","6","37","K","3"
"2020/10/13 2:10:01 PM GMT+1","4","46","K","2"
"2020/10/13 2:10:47 PM GMT+1","8","37","T","1"
"2020/10/13 2:10:54 PM GMT+1","6","49","C","3"
"2020/10/13 2:11:55 PM GMT+1","4","29","R","1"
"2020/10/13 2:12:09 PM GMT+1","4","12","J","2"
"2020/10/13 2:12:48 PM GMT+1","10","48","l","1"
"2020/10/13 2:13:08 PM GMT+1","3","32","I"," 4"
"2020/10/13 2:13:19 PM GMT+1","1","43","Y","4"
"2020/10/13 2:14:26 PM GMT+1","3","23","Q","6"
"2020/10/13 2:14:45 PM GMT+1","2","36","V","8"
"2020/10/13 2:15:31 PM GMT+1","1","49","K","8"
"2020/10/13 2:15:34 PM GMT+1","6","27","g","4"
"2020/10/13 2:16:26 PM GMT+1","5","43","B","9"
"2020/10/13 2:16:37 PM GMT+1","9","27","q","4"
"2020/10/13 2:16:48 PM GMT+1","1","16","O","1"
"2020/10/13 2:17:12 PM GMT+1","4","17","G","1"
"2020/10/13 2:17:30 PM GMT+1","2","28","A","10"
"2020/10/13 2:17:51 PM GMT+1","5","22","q","9"
"2020/10/13 2:18:38 PM GMT+1","9","43","G","4"
"2020/10/13 2:19:16 PM GMT+1","4","18","P","8"
"2020/10/13 2:19:38 PM GMT+1","1","1","a","1"
"2020/10/13 2:20:11 PM GMT+1","2","38","K","9"
"2020/10/13 2:20:45 PM GMT+1","1","44","G","2"
"2020/10/13 2:22:43 PM GMT+1","9","38","V","3"
"2020/10/13 2:22:57 PM GMT+1","8","49","P","6"
"2020/10/13 2:23:13 PM GMT+1","5","22","H","6"
"2020/10/13 2:24:03 PM GMT+1","10","42","O","1"
"2020/10/13 2:24:08 PM GMT+1","8","31","G","4"
"2020/10/13 2:24:13 PM GMT+1","9","38","u","2"
"2020/10/13 2:24:25 PM GMT+1","10","47","F","7"
"2020/10/13 2:24:47 PM GMT+1","4","25","k","4"
"2020/10/13 2:25:23 PM GMT+1","4","8","T","3"
"2020/10/13 2:26:09 PM GMT+1","2","47","h","4"
"2020/10/13 2:26:15 PM GMT+1","4","25","H","3"
"2020/10/13 2:26:40 PM GMT+1","4","48","D","5"
"2020/10/13 2:26:44 PM GMT+1","7","39","h","4"
"2020/10/13 2:27:41 PM GMT+1","8","25","T","3"
"2020/10/13 2:27:44 PM GMT+1","4","38","J","9"
"2020/10/13 2:28:06 PM GMT+1","4","32","F","9"
"2020/10/13 2:29:04 PM GMT+1","5","47","H","5"
"2020/10/13 2:29:46 PM GMT+1","9","29","P","10"
"2020/10/13 2:30:21 PM GMT+1","6","32","g","4"
"2020/10/13 2:30:39 PM GMT+1","9","36","T","8"
"2020/10/13 2:30:40 PM GMT+1","7","47","K","4"
"2020/10/13 2:32:47 PM GMT+1","10","48","R","8"
"2020/10/13 2:33:48 PM GMT+1","3","25","K","8"
"2020/10/13 2:34:15 PM GMT+1","1","49","C","3"
"2020/10/13 2:34:15 PM GMT+1","10","47","Y","3"
"2020/10/13 2:34:17 PM GMT+1","5","37","y","5"
"2020/10/13 2:34:20 PM GMT+1","3","25","J","9"
"2020/10/13 2:34:35 PM GMT+1","3","4","D","4"
"2020/10/13 2:35:00 PM GMT+1","1","24","Z","1"
"2020/10/13 2:35:21 PM GMT+1","1","4","D","2"
"2020/10/13 2:35:28 PM GMT+1","2","37","U","4"
"2020/10/13 2:35:37 PM GMT+1","10","26","G","3"
"2020/10/13 2:36:05 PM GMT+1","5","26","E","7"
"2020/10/13 2:37:32 PM GMT+1","2","49","Q","4"
"2020/10/13 2:38:15 PM GMT+1","9","17","G","9"
"2020/10/13 2:38:30 PM GMT+1","2","2","B","2"
"2020/10/13 2:39:10 PM GMT+1","2","29","J","8"
"2020/10/13 2:39:29 PM GMT+1","10","49","Q","1"
"2020/10/13 2:39:32 PM GMT+1","1","37","J","4"
"2020/10/13 2:39:41 PM GMT+1","9","41","n","6"
"2020/10/13 2:40:00 PM GMT+1","3","25","M","8"
"2020/10/13 2:40:38 PM GMT+1","5","4","J","2"
"2020/10/13 2:41:47 PM GMT+1","8","20","F","4"
"2020/10/13 2:42:20 PM GMT+1","4","11","U","9"
"2020/10/13 2:42:43 PM GMT+1","8","50","Q","6"
"2020/10/13 2:43:09 PM GMT+1","4","37","F","5"
"2020/10/13 2:43:16 PM GMT+1","4","34","D","6"
"2020/10/13 2:44:05 PM GMT+1","9","1","D","9"